{
  "config": {
    "population_size": 50,
    "max_generations": 30,
    "crossover_rate": 0.7,
    "mutation_rate": 0.3,
    "local_search_freq": 1,
    "local_search_depth": "light",
    "hidden_dim": 64,
    "learning_rate": 0.001,
    "batch_size": 16,
    "train_interval": 5,
    "use_behavior_cloning": false,
    "bc_epochs": 10,
    "bc_batch_size": 8,
    "min_vehicles": 5,
    "max_vehicles": 30,
    "balance_strategy": "min_vehicles",
    "use_nn": true,
    "verbose": true,
    "print_interval": 50,
    "use_kmeans": true,
    "kmeans_k": 10,
    "kmeans_seed": 0,
    "debug_bc": false
  },
  "training_time": 50.39278507232666,
  "evaluation_results": {
    "num_solutions": 31,
    "hypervolume": 4228.2408769725635,
    "best_distance": 1989.7604126929712,
    "best_vehicles": 10,
    "avg_distance": 1989.7604126929716,
    "avg_vehicles": 10.0
  },
  "training_history": {
    "policy_loss": [
      3.5883121490478516,
      3.6460232734680176,
      3.6339449882507324,
      3.6289639472961426,
      3.621013879776001,
      3.6117172241210938
    ],
    "value_loss": [
      8.606098175048828,
      2.4882636070251465,
      2.3379504680633545,
      2.3178868293762207,
      2.222240686416626,
      2.186950445175171
    ],
    "avg_objectives": [
      [
        3775.815630544403,
        10.0
      ],
      [
        2870.4193606386684,
        10.0
      ],
      [
        2362.5017620011295,
        10.0
      ],
      [
        2190.965470029874,
        10.0
      ],
      [
        2153.5237202582935,
        10.0
      ],
      [
        2142.590872007323,
        10.0
      ],
      [
        2123.8624343632487,
        10.0
      ],
      [
        2088.47864804574,
        10.0
      ],
      [
        2076.234939257085,
        10.0
      ],
      [
        2072.718448786868,
        10.0
      ],
      [
        2071.5263912422824,
        10.0
      ],
      [
        2071.151920792798,
        10.0
      ],
      [
        2069.5200278034517,
        10.0
      ],
      [
        2068.999886422753,
        10.0
      ],
      [
        2067.719591795919,
        10.0
      ],
      [
        2064.597802021129,
        10.0
      ],
      [
        2058.164376665201,
        10.0
      ],
      [
        2047.7394338725671,
        10.0
      ],
      [
        2032.3653964697005,
        10.0
      ],
      [
        2022.5228436799443,
        10.0
      ],
      [
        2018.0102087641662,
        10.0
      ],
      [
        2013.8912100575822,
        10.0
      ],
      [
        2009.9484357000367,
        10.0
      ],
      [
        2007.0470835192434,
        10.0
      ],
      [
        2004.1119401947703,
        10.0
      ],
      [
        2001.2983906674986,
        10.0
      ],
      [
        2000.1946151141735,
        10.0
      ],
      [
        1999.7196307025933,
        10.0
      ],
      [
        1998.2946774678537,
        10.0
      ],
      [
        1996.8949513469965,
        10.0
      ]
    ],
    "hv_history": [
      6703.17100753697,
      6055.894305542421,
      6055.894305542421,
      6055.894305542421,
      6055.894305542421,
      6055.894305542421,
      6055.894305542421,
      6055.894305542419,
      6055.89430554242,
      5972.884673352829,
      5972.884673352829,
      5972.884673352829,
      5911.842959209252,
      5911.842959209252,
      5911.842959209252,
      5890.774120841301,
      5890.774120841301,
      5890.774120841301,
      5886.301173788945,
      5886.301173788944,
      5821.292807384886,
      5821.292807384886,
      5821.292807384886,
      5821.292807384887,
      5821.292807384886,
      5821.292807384886,
      5821.292807384886,
      5821.292807384887,
      5821.292807384887,
      5821.292807384887
    ]
  }
}