{
  "config": {
    "population_size": 10,
    "max_generations": 20,
    "hidden_dim": 64,
    "learning_rate": 0.001,
    "crossover_rate": 0.8,
    "mutation_rate": 0.2,
    "batch_size": 8,
    "train_interval": 20,
    "min_vehicles": 5,
    "max_vehicles": 30,
    "verbose": true,
    "print_interval": 10
  },
  "training_time": 74.80144762992859,
  "evaluation_results": {
    "num_solutions": 3,
    "hypervolume": 0.0,
    "best_distance": 4021.586685139796,
    "best_time": 1310.4279405509294,
    "best_vehicles": 25,
    "avg_distance": 4521.504019384203,
    "avg_time": 1349.6982901533995,
    "avg_vehicles": 25.0
  },
  "training_history": {
    "policy_loss": [
      3.688239336013794
    ],
    "value_loss": [
      9.495177268981934
    ],
    "avg_objectives": [
      [
        4845.591364964848,
        1555.602153621903,
        25.0
      ],
      [
        4747.339597979795,
        1536.6673842237337,
        25.0
      ],
      [
        4669.459240517024,
        1502.5593677228028,
        25.0
      ],
      [
        4670.480542906482,
        1468.6378077994211,
        25.0
      ],
      [
        4649.024762935935,
        1462.5350312109124,
        25.0
      ],
      [
        4649.024762935935,
        1462.5350312109124,
        25.0
      ],
      [
        4649.024762935935,
        1462.5350312109124,
        25.0
      ],
      [
        4648.836664781767,
        1462.5350312109124,
        25.0
      ],
      [
        4588.194838693253,
        1453.5676401053145,
        25.0
      ],
      [
        4545.0553883822,
        1413.6125569744447,
        25.0
      ],
      [
        4549.676951574648,
        1403.3305904279239,
        25.0
      ],
      [
        4549.676951574648,
        1403.3305904279239,
        25.0
      ],
      [
        4549.676951574648,
        1403.3305904279239,
        25.0
      ],
      [
        4545.87593584559,
        1413.6125569744447,
        25.0
      ],
      [
        4440.486101399482,
        1402.1269049323926,
        25.0
      ],
      [
        4440.486101399482,
        1402.1269049323926,
        25.0
      ],
      [
        4440.486101399482,
        1402.1269049323926,
        25.0
      ],
      [
        4440.486101399482,
        1402.1269049323926,
        25.0
      ],
      [
        4440.486101399482,
        1402.1269049323926,
        25.0
      ],
      [
        4440.486101399482,
        1402.1269049323926,
        25.0
      ]
    ],
    "hv_history": [
      0.0,
      0.0,
      0.0,
      0.0,
      0.0,
      0.0,
      0.0,
      0.0,
      0.0,
      0.0,
      0.0,
      0.0,
      0.0,
      0.0,
      0.0,
      0.0,
      0.0,
      0.0,
      0.0,
      0.0
    ]
  }
}