{
  "config": {
    "population_size": 50,
    "max_generations": 200,
    "hidden_dim": 64,
    "learning_rate": 0.001,
    "crossover_rate": 0.8,
    "mutation_rate": 0.2,
    "batch_size": 8,
    "train_interval": 20,
    "min_vehicles": 5,
    "max_vehicles": 30
  },
  "training_time": 119.61736941337585,
  "evaluation_results": {
    "num_solutions": 49,
    "hypervolume": 0.02587902367245706,
    "best_distance": 1167.659316666801,
    "best_time": 595.8389859496956,
    "best_vehicles": 2.0,
    "avg_distance": 1283.2460993832422,
    "avg_time": 907.5558257970105,
    "avg_vehicles": 2.2653061224489797
  },
  "training_history": {
    "policy_loss": [
      0.0,
      0.0,
      0.0,
      0.0,
      0.0,
      0.0,
      0.0,
      0.0,
      0.0,
      0.0
    ],
    "value_loss": [
      0.5048799771549446,
      0.7973693609237671,
      0.8191832474299839,
      0.7753351841654096,
      0.6777606911304507,
      0.20876871002838016,
      0.3731438509463,
      0.49202335797391633,
      0.36452544349594973,
      0.2435581390995399
    ],
    "avg_objectives": [],
    "hv_history": []
  }
}